{
  "table": "foundation_account_verification_attempt",
  "decision": "PASS",
  "docs_metrics": {
    "schema_column_count": 5,
    "doc_row_count": 5,
    "coverage": 1.0,
    "missing_definition_count": 0,
    "extra_definition_count": 0,
    "weak_definition_count": 0,
    "weak_definition_ratio": 0.0
  },
  "docs_details": {
    "missing_definitions": [],
    "extra_definitions": [],
    "weak_definitions_sample": []
  },
  "issues": [],
  "ontology": {
    "delta_counts": {
      "classes": 38,
      "object_properties": 15,
      "datatype_properties": 13
    },
    "duplicates_vs_core": {
      "classes_dup_by_uri_count": 38,
      "classes_dup_by_localname_count": 0,
      "object_props_dup_by_localname_count": 0,
      "datatype_props_dup_by_localname_count": 0,
      "classes_dup_by_localname_sample": [],
      "object_props_dup_by_localname_sample": [],
      "datatype_props_dup_by_localname_sample": []
    },
    "sanity_warnings_count": 0,
    "sanity_warnings_sample": []
  }
}